Campus,College,Program Level,Degree,Specialization/Major
Obrero Campus (Main),College of Arts and Sciences,Undergraduate,Bachelor of Science in Biology,Animal Biology
Obrero Campus (Main),College of Arts and Sciences,Undergraduate,Bachelor of Science in Biology,Plant Biology
Obrero Campus (Main),College of Arts and Sciences,Undergraduate,Bachelor of Arts in English Language,Applied Linguistics
Obrero Campus (Main),College of Arts and Sciences,Undergraduate,Bachelor of Arts in Literature and Cultural Studies,
Obrero Campus (Main),College of Arts and Sciences,Undergraduate,Bachelor of Science in Mathematics,
Obrero Campus (Main),College of Arts and Sciences,Undergraduate,Bachelor of Science in Statistics,
Obrero Campus (Main),College of Arts and Sciences,Graduate,Master of Arts in Literature,
Obrero Campus (Main),College of Arts and Sciences,Graduate,Master of Science in Applied Mathematics,
Obrero Campus (Main),College of Education,Undergraduate,Bachelor of Early Childhood Education,
Obrero Campus (Main),College of Education,Undergraduate,Bachelor of Elementary Education,
Obrero Campus (Main),College of Education,Undergraduate,Bachelor of Physical Education,
Obrero Campus (Main),College of Education,Undergraduate,Bachelor of Secondary Education,English
Obrero Campus (Main),College of Education,Undergraduate,Bachelor of Secondary Education,Filipino
Obrero Campus (Main),College of Education,Undergraduate,Bachelor of Secondary Education,Mathematics
Obrero Campus (Main),College of Education,Undergraduate,Bachelor of Secondary Education,Science
Obrero Campus (Main),College of Education,Undergraduate,Bachelor of Special Needs Education,
Obrero Campus (Main),College of Education,Undergraduate,Bachelor of Technology and Livelihood Education,Home Economics
Obrero Campus (Main),College of Education,Undergraduate,Bachelor of Technical-Vocational Teacher Education,Automotive Technology
Obrero Campus (Main),College of Education,Undergraduate,Bachelor of Technical-Vocational Teacher Education,Civil and Construction Technology
Obrero Campus (Main),College of Education,Undergraduate,Bachelor of Technical-Vocational Teacher Education,Computer Systems Servicing
Obrero Campus (Main),College of Education,Undergraduate,Bachelor of Technical-Vocational Teacher Education,Electrical Technology
Obrero Campus (Main),College of Education,Undergraduate,Bachelor of Technical-Vocational Teacher Education,Electronics Technology
Obrero Campus (Main),College of Education,Undergraduate,Bachelor of Technical-Vocational Teacher Education,"Heating, Ventilating, Air-conditioning and Refrigeration (HVACR) Technology"
Obrero Campus (Main),College of Education,Undergraduate,Bachelor of Technical-Vocational Teacher Education,Mechanical Technology
Obrero Campus (Main),College of Education,Graduate,Doctor of Philosophy in Education,Educational Leadership and Management
Obrero Campus (Main),College of Education,Graduate,Doctor of Philosophy in Education,English Language Teaching
Obrero Campus (Main),College of Education,Graduate,Master of Arts in Education,Alternative Learning System
Obrero Campus (Main),College of Education,Graduate,Master of Arts in Education,Early Childhood Education
Obrero Campus (Main),College of Education,Graduate,Master of Arts in Education,Educational Leadership and Management
Obrero Campus (Main),College of Education,Graduate,Master of Arts in English Language Teaching,
Obrero Campus (Main),College of Education,Graduate,Master of Arts in Mathematics Education,
Obrero Campus (Main),College of Education,Graduate,Master of Arts in Science Education,
Obrero Campus (Main),College of Education,Graduate Certificate,Graduate Certificate in Teaching Alternative Learning System,
Obrero Campus (Main),College of Education,Graduate Certificate,Graduate Certificate in Teaching Early Childhood Education,
Obrero Campus (Main),College of Education,Graduate Certificate,Graduate Certificate in Teaching Special Needs Education,Hearing Impairment
Obrero Campus (Main),College of Education,Graduate Certificate,Graduate Certificate in Teaching Special Needs Education,Gifted and Talented
Obrero Campus (Main),College of Education,Graduate Certificate,Graduate Certificate in Teaching Special Needs Education,Intellectual Disability
Obrero Campus (Main),College of Education,Graduate Certificate,Graduate Certificate in Teaching Special Needs Education,Visual Impairment
Obrero Campus (Main),College of Engineering,Undergraduate,Bachelor of Science in Civil Engineering,Transportation Engineering
Obrero Campus (Main),College of Engineering,Undergraduate,Bachelor of Science in Civil Engineering,Geotechnical Engineering
Obrero Campus (Main),College of Engineering,Undergraduate,Bachelor of Science in Civil Engineering,Structural Engineering
Obrero Campus (Main),College of Engineering,Undergraduate,Bachelor of Science in Electronics Engineering,
Obrero Campus (Main),College of Engineering,Undergraduate,Bachelor of Science in Electrical Engineering,
Obrero Campus (Main),College of Engineering,Undergraduate,Bachelor of Science in Mechanical Engineering,
Obrero Campus (Main),College of Engineering,Undergraduate,Bachelor of Science in Geodetic Engineering,
Obrero Campus (Main),College of Engineering,Undergraduate,Bachelor of Science in Geology,
Obrero Campus (Main),College of Engineering,Undergraduate,Bachelor of Science in Mining Engineering,
Obrero Campus (Main),College of Engineering,Undergraduate,Bachelor of Science in Sanitary Engineering,
Obrero Campus (Main),College of Engineering,Undergraduate,Bachelor of Science in Agricultural and Biosystems Engineering,AB Land and Water Resources Engineering
Obrero Campus (Main),College of Engineering,Undergraduate,Bachelor of Science in Agricultural and Biosystems Engineering,AB Machinery and Power Engineering
Obrero Campus (Main),College of Engineering,Undergraduate,Bachelor of Science in Agricultural and Biosystems Engineering,AB Process Engineering
Obrero Campus (Main),College of Engineering,Undergraduate,Bachelor of Science in Agricultural and Biosystems Engineering,AB Structures and Environment Engineering
Obrero Campus (Main),College of Engineering,Graduate,Master of Science in Engineering,Land and Water Resources Engineering and Technology (LAWREAT)
Obrero Campus (Main),College of Information and Computing,Undergraduate,Bachelor of Science in Computer Science,Data Science
Obrero Campus (Main),College of Information and Computing,Undergraduate,Bachelor of Science in Information Technology,Information Security
Obrero Campus (Main),College of Information and Computing,Undergraduate,Bachelor of Science in Information Technology,Business Technology Management
Obrero Campus (Main),College of Information and Computing,Undergraduate,Bachelor of Library and Information Science,
Obrero Campus (Main),College of Information and Computing,Graduate,Doctor in Information Technology,
Obrero Campus (Main),College of Information and Computing,Graduate,Master in Information Technology,
Obrero Campus (Main),College of Information and Computing,Graduate,Master of Library and Information Science,
Obrero Campus (Main),College of Business Administration,Undergraduate,Bachelor of Science in Accountancy,
Obrero Campus (Main),College of Business Administration,Undergraduate,Bachelor of Science in Business Administration,Financial Management
Obrero Campus (Main),College of Business Administration,Undergraduate,Bachelor of Science in Entrepreneurship,
Obrero Campus (Main),College of Business Administration,Undergraduate,Bachelor of Science in Hospitality Management,Culinary Arts Management
Obrero Campus (Main),College of Business Administration,Undergraduate,Bachelor of Science in Hospitality Management,Hotel Administration
Obrero Campus (Main),College of Business Administration,Graduate,Doctor of Philosophy,Business Administration
Obrero Campus (Main),College of Business Administration,Graduate,Doctor of Philosophy,Organization Studies
Obrero Campus (Main),College of Business Administration,Graduate,Master of Business Administration,Corporate Management
Obrero Campus (Main),College of Business Administration,Graduate,Master of Business Administration,Enterprise Management
Obrero Campus (Main),College of Applied Economics,Undergraduate,Bachelor of Science in Economics,Development Economics
Obrero Campus (Main),College of Applied Economics,Undergraduate,Bachelor of Science in Economics,Monetary and Financial Economics
Obrero Campus (Main),College of Applied Economics,Undergraduate,Bachelor of Science in Economics,Resource and Environmental Economics
Obrero Campus (Main),College of Applied Economics,Graduate,Master of Science in Economics,
Obrero Campus (Main),College of Technology,Undergraduate,Bachelor of Science in Industrial Technology,Automotive Technology
Obrero Campus (Main),College of Technology,Undergraduate,Bachelor of Science in Industrial Technology,Electrical Technology
Obrero Campus (Main),College of Technology,Undergraduate,Bachelor of Science in Industrial Technology,Electronics Technology
Obrero Campus (Main),College of Technology,Undergraduate,Bachelor of Science in Industrial Technology,Mechanical Technology
Obrero Campus (Main),College of Technology,Graduate,Master of Industrial Technology,Automotive Technology
Obrero Campus (Main),College of Technology,Graduate,Master of Industrial Technology,Electrical Technology
Obrero Campus (Main),College of Technology,Graduate,Master of Industrial Technology,Electronics Technology
Obrero Campus (Main),College of Technology,Graduate,Master of Industrial Technology,Mechanical Technology
Obrero Campus (Main),College of Technology,Graduate,Master of Technology Education,
Obrero Campus (Main),School of Law,Graduate,Ladderized Master of Legal Studies - Juris Doctor,
Obrero Campus (Main),School of Law,Graduate,Juris Doctor,Appropriate Dispute Resolution Track
Obrero Campus (Main),School of Law,Graduate,Juris Doctor,Governance and Development Track
Mintal Campus,College of Development Management,Undergraduate,Bachelor of Science in Agricultural Economics,
Mintal Campus,College of Development Management,Undergraduate,Bachelor of Science in Agricultural Business,
Mintal Campus,College of Development Management,Undergraduate,Bachelor of Science in Community Development,
Mintal Campus,College of Development Management,Undergraduate,Bachelor of Science in Development Anthropology,
Mintal Campus,College of Development Management,Undergraduate,Bachelor of Public Administration,
Tagum-Mabini Campus (Tagum Unit),College of Teacher Education and Technology,Undergraduate,Bachelor of Early Childhood Education,
Tagum-Mabini Campus (Tagum Unit),College of Teacher Education and Technology,Undergraduate,Bachelor of Elementary Education,
Tagum-Mabini Campus (Tagum Unit),College of Teacher Education and Technology,Undergraduate,Bachelor of Secondary Education,Mathematics
Tagum-Mabini Campus (Tagum Unit),College of Teacher Education and Technology,Undergraduate,Bachelor of Secondary Education,English
Tagum-Mabini Campus (Tagum Unit),College of Teacher Education and Technology,Undergraduate,Bachelor of Secondary Education,Filipino
Tagum-Mabini Campus (Tagum Unit),College of Teacher Education and Technology,Undergraduate,Bachelor of Special Needs Education,
Tagum-Mabini Campus (Tagum Unit),College of Teacher Education and Technology,Undergraduate,Bachelor of Technical-Vocational Teacher Education,Agricultural Crop Production
Tagum-Mabini Campus (Tagum Unit),College of Teacher Education and Technology,Undergraduate,Bachelor of Technical-Vocational Teacher Education,Animal Production
Tagum-Mabini Campus (Tagum Unit),College of Teacher Education and Technology,Undergraduate,Bachelor of Science in Information Technology,Information Security
Tagum-Mabini Campus (Tagum Unit),College of Teacher Education and Technology,Graduate,Doctor of Education,Educational Management
Tagum-Mabini Campus (Mabini Unit),School of Medicine,Graduate,Doctor of Medicine,
Tagum-Mabini Campus (Mabini Unit),College of Agriculture and Related Sciences,Undergraduate,Bachelor of Science in Agriculture,Animal Science
Tagum-Mabini Campus (Mabini Unit),College of Agriculture and Related Sciences,Undergraduate,Bachelor of Science in Agriculture,Soil Science
Tagum-Mabini Campus (Mabini Unit),College of Agriculture and Related Sciences,Undergraduate,Bachelor of Science in Agriculture,Entomology
Tagum-Mabini Campus (Mabini Unit),College of Agriculture and Related Sciences,Undergraduate,Bachelor of Science in Agriculture,Agronomy
Tagum-Mabini Campus (Mabini Unit),College of Agriculture and Related Sciences,Undergraduate,Bachelor of Science in Agriculture,Horticulture
Tagum-Mabini Campus (Mabini Unit),College of Agriculture and Related Sciences,Undergraduate,Bachelor of Science in Agriculture,Enterprise Management
Tagum-Mabini Campus (Mabini Unit),College of Agriculture and Related Sciences,Undergraduate,Bachelor of Science in Agriculture,Plant Pathology
Tagum-Mabini Campus (Mabini Unit),College of Agriculture and Related Sciences,Undergraduate,Bachelor of Science in Forestry,
Tagum-Mabini Campus (Mabini Unit),College of Agriculture and Related Sciences,Graduate,Master of Science in Environmental and Resource Management,
Tagum-Mabini Campus (Mabini Unit),College of Agriculture and Related Sciences,Graduate,Master of Science in Forestry,Forest Resource Management
Malabog Extension Campus,Malabog Extension Campus,Undergraduate,Bachelor of Science in Agricultural Business,
Malabog Extension Campus,Malabog Extension Campus,Undergraduate,Bachelor of Science in Entrepreneurship,
